<?xml version="1.0" encoding="UTF-8"?>
<project-private xmlns="http://www.netbeans.org/ns/project-private/1">
    <editor-bookmarks xmlns="http://www.netbeans.org/ns/editor-bookmarks/2" lastBookmarkId="0"/>
    <open-files xmlns="http://www.netbeans.org/ns/projectui-open-files/2">
        <group>
            <file>file:/Users/MacBook%20Air/NetBeansProjects/Music_Player9/Music_Player9/src/controller/cSepotify.java</file>
            <file>file:/Users/MacBook%20Air/NetBeansProjects/Music_Player9/Music_Player9/src/controller/cSignup.java</file>
            <file>file:/Users/MacBook%20Air/NetBeansProjects/Music_Player9/Music_Player9/src/view/vForgetPw.java</file>
            <file>file:/Users/MacBook%20Air/NetBeansProjects/Music_Player9/Music_Player9/src/view/vSignup.java</file>
            <file>file:/Users/MacBook%20Air/NetBeansProjects/Music_Player9/Music_Player9/src/controller/cLogin.java</file>
            <file>file:/Users/MacBook%20Air/NetBeansProjects/Music_Player9/Music_Player9/src/model/LogIn.java</file>
            <file>file:/Users/MacBook%20Air/NetBeansProjects/Music_Player9/Music_Player9/src/controller/cFirst.java</file>
            <file>file:/Users/MacBook%20Air/NetBeansProjects/Music_Player9/Music_Player9/src/controller/cForgetPw.java</file>
            <file>file:/Users/MacBook%20Air/NetBeansProjects/Music_Player9/Music_Player9/src/controller/Driver.java</file>
            <file>file:/Users/MacBook%20Air/NetBeansProjects/Music_Player9/Music_Player9/src/view/vSepotify.java</file>
            <file>file:/Users/MacBook%20Air/NetBeansProjects/Music_Player9/Music_Player9/src/model/Playlist.java</file>
            <file>file:/Users/MacBook%20Air/NetBeansProjects/Music_Player9/Music_Player9/src/model/User.java</file>
            <file>file:/Users/MacBook%20Air/NetBeansProjects/Music_Player9/Music_Player9/src/model/DataBase.java</file>
            <file>file:/Users/MacBook%20Air/NetBeansProjects/Music_Player9/Music_Player9/src/view/vFirst.java</file>
            <file>file:/Users/MacBook%20Air/NetBeansProjects/Music_Player9/Music_Player9/src/model/SignUp.java</file>
            <file>file:/Users/MacBook%20Air/NetBeansProjects/Music_Player9/Music_Player9/src/view/vLogin.java</file>
        </group>
    </open-files>
</project-private>
